{"cameraMode":{"drawMode":0,"name":"Shaded","section":"Shading Mode"},"sceneLighting":true,"audioPlay":false,"sceneViewState":{"m_AlwaysRefresh":false,"showFog":true,"showSkybox":true,"showFlares":true,"showImageEffects":true,"showParticleSystems":true,"showVisualEffectGraphs":true,"m_FxEnabled":true},"in2DMode":false,"pivot":{"x":11.615032196044922,"y":-3.042872905731201,"z":-106.02146911621094},"rotation":{"x":-0.03358921781182289,"y":-0.019487787038087846,"z":-0.0006551351398229599,"w":0.9992465376853943},"size":62.13711929321289,"orthographic":true}